N,PyTorch,Triton,CUDA
128.000000,56.913589,195.338305,175.347160
256.000000,53.916909,215.578957,205.603130
512.000000,56.808757,221.405396,221.405396
1024.000000,57.842894,226.523219,228.647187
2048.000000,58.489808,228.199356,232.758265
4096.000000,58.910418,229.950887,236.012940
8192.000000,59.180146,231.448177,237.779087
16384.000000,59.319295,232.950560,239.838963
32768.000000,59.381967,233.560240,241.395326
65536.000000,59.489322,234.309670,241.774488
