num_features,PyTorch,Triton,CUDA
512.000000,56.888887,221.686250,221.405396
1024.000000,57.874822,226.523219,228.000877
2048.000000,58.512654,227.827496,233.224211
4096.000000,58.878169,230.228572,236.545359
8192.000000,59.254971,232.397168,239.578684
16384.000000,59.396365,234.672642,242.810239
32768.000000,59.492830,236.272205,244.002069
65536.000000,59.587676,236.550366,245.226259
